{"chain_subprj_list":null,"creation_date":"2020-03-19","ligands":[],"major_issues":null,"mdlchain_butpl_map":{"B":"2qai.1.B"},"mod_engine":"PROMOD3","modified_template":false,"oligo":{"based_on":"prediction","state":"monomer","state_bu":"homo-dimer","state_tpl":"homo-dimer","qs_prediction":"0.000","qs_conserved":"not conserved","chains_to_mdl":1,"res_to_mdl":63},"plip":{},"pred_lddt":0.1289999932,"qmean_values":{"global_scores":{"qmean4_norm_score":0.686886398,"qmean4_z_score":-1.5092326514,"qmean6_norm_score":0.6702564901,"qmean6_z_score":-1.5812815637,"interaction_norm_score":-0.040054028,"interaction_z_score":0.4008653199,"cbeta_norm_score":-0.0155922427,"cbeta_z_score":-0.3131668022,"packing_norm_score":-0.2003570127,"packing_z_score":-1.4650785913,"torsion_norm_score":-0.1464491316,"torsion_z_score":-0.9771725215,"ss_agreement_norm_score":0.7379283725,"ss_agreement_z_score":0.2631376123,"acc_agreement_norm_score":0.3870967742,"acc_agreement_z_score":-3.4063232579,"avg_local_score":0.436234712,"avg_local_score_error":0.109},"local_scores":{"B":[null,null,null,null,null,null,null,null,null,null,null,null,null,null,null,null,null,null,null,null,null,null,null,null,null,null,null,null,null,null,null,null,null,0.2940938198,0.2418218685,0.4751597832,0.5146004569,0.4699918514,0.5004416059,0.5006862667,0.5554343843,0.6422343568,0.5429077448,0.6482644511,0.649501727,0.6108125097,0.5617404207,0.6349140806,0.4173594614,0.3636823991,0.4018406734,0.4894776946,0.4977799111,0.4810190901,0.5130472024,0.5135727117,0.4700155065,0.3811284164,0.4525442452,0.4168100227,0.4210440088,0.5769348187,0.4872318801,0.4697993061,0.5114010539,0.6337126048,0.5199040592,0.4808871646,0.4344300096,0.3751933065,0.4028908313,0.3633185832,0.2785383795,0.338407254,0.4312733917,0.3714062913,0.3046331259,0.3552719911,0.4315010031,0.5351920488,0.3827511926,0.4499373303,0.3997010251,0.4178946166,0.461786889,0.4243112396,0.3647299661,0.352870808,0.4038050111,0.3597453049,0.3359501679,0.3573855764,0.3409478411,0.0155715333,0.0153098675,null,null,null,null,null,null,null,null,null,null,null,null,null,null,null,null,null,null,null,null,null,null,null,null,null,null,null,null,null,null,null,null,null,null,null,null,null,null,null,null,null,null,null,null,null,null,null,null,null,null,null,null,null,null,null,null,null,null,null,null,null,null,null,null,null,null,null,null,null,null,null,null,null,null,null,null,null,null,null,null,null,null,null,null,null]}},"residue_range":[{"chain_name":"B","residue_from":"34","residue_to":"95"}],"templates":["f1a81f8e94af09dd0162970087ef802963654601"],"tpl_info":{"2qai.1.B":{"origin":"reference database","label_asym_id":"B","entity_type":"polymer","entity_id":"1"}}}