{"chain_subprj_list":null,"creation_date":"2020-03-19","ligands":[],"major_issues":null,"mdlchain_butpl_map":{"A":"2idy.1.A"},"mod_engine":"PROMOD3","modified_template":false,"oligo":{"based_on":"prediction","state":"monomer","state_bu":"monomer","state_tpl":"monomer","qs_prediction":"0.000","qs_conserved":"not conserved","chains_to_mdl":1,"res_to_mdl":107},"plip":{},"pred_lddt":0.0260000005,"qmean_values":{"global_scores":{"qmean4_norm_score":0.5124765155,"qmean4_z_score":-5.2072253254,"qmean6_norm_score":0.4914756621,"qmean6_z_score":-5.1558963452,"interaction_norm_score":-0.0048916984,"interaction_z_score":-2.4984058483,"cbeta_norm_score":0.000417723,"cbeta_z_score":-2.1431600814,"packing_norm_score":-0.2427097781,"packing_z_score":-1.396699622,"torsion_norm_score":0.2725666114,"torsion_z_score":-4.4776328479,"ss_agreement_norm_score":0.1889358088,"ss_agreement_z_score":-2.4927231978,"acc_agreement_norm_score":0.6542056075,"acc_agreement_z_score":0.2921384173,"avg_local_score":0.7065064504,"avg_local_score_error":0.078},"local_scores":{"A":[0.3995469364,0.4423583117,0.6293986986,0.3551440883,0.4076693435,0.5411985034,0.4641009648,0.5133955521,0.4927292876,0.4841164222,0.4752967034,0.481120026,0.4880773763,0.5036265571,0.5735511892,0.595240215,0.6825612527,0.667886423,0.7361163665,0.8047596401,0.813588307,0.7935360054,0.7599790797,0.7509151855,0.7131840124,0.6954199672,0.722852619,0.7284536649,0.713798663,0.6543801588,0.7224599722,0.7314059626,0.7215661131,0.7623436227,0.7584839982,0.7527178259,0.7124301877,0.7135925351,0.7636313771,0.7873192085,0.82385971,0.7917282994,0.8191681754,0.8052396621,0.7287790991,0.684164715,0.7137214458,0.7552219891,0.75234386,0.7992681657,0.7842422449,0.7663246727,0.7713750155,0.8076691506,0.7521868759,0.7855973751,0.7918909777,0.8148321559,0.7691882987,0.8335614579,0.784504753,0.7705776745,0.7799447711,0.7912807714,0.7599603715,0.7169540733,0.6599393674,0.6238199351,0.6919995449,0.6444529328,0.6448551217,0.7085926762,0.7346343045,0.6798848931,0.6977411771,0.783265175,0.7607503042,0.7790435036,0.7667970382,0.7482020085,0.7356713164,0.6996060643,0.6949344842,0.5983978955,0.712921366,0.7026311195,0.700611972,0.7487154172,0.8058360595,0.7951828725,0.8039732266,0.7972631795,0.8207667416,0.8307969715,0.7956422999,0.766923587,0.7746835823,0.7868095449,0.8113405454,0.7977022373,0.7830089955,0.7797079329,0.7740020865,0.7920959561,0.7917961342,0.4786641335,0.4289884069,null,null,null,null,null,null,null,null,null,null,null,null,null,null,null,null,null,null,null,null,null,null,null,null,null,null,null,null,null,null,null,null,null,null,null,null,null,null,null,null,null,null,null,null,null,null,null,null,null,null,null,null,null,null,null,null,null,null,null,null,null,null,null,null,null,null,null,null,null,null,null,null,null,null,null,null,null,null,null,null,null,null,null,null,null,null,null,null,null,null,null,null,null,null,null,null,null,null,null,null,null,null,null,null,null,null,null,null,null,null,null,null,null,null,null,null,null,null,null,null,null,null,null,null,null,null,null,null,null,null,null,null,null,null,null,null,null,null,null,null,null,null,null,null,null,null,null,null,null,null,null,null,null,null,null,null,null,null,null,null,null,null,null,null,null,null,null,null,null,null,null,null,null,null,null,null,null,null,null,null,null,null,null,null,null,null,null,null,null,null,null,null,null,null,null,null,null,null,null,null,null,null,null,null,null,null,null,null,null,null,null,null,null,null,null,null,null,null,null,null,null,null,null,null,null,null,null,null,null,null,null,null,null,null,null,null,null,null,null,null,null,null,null,null,null,null,null,null,null,null,null,null,null,null,null,null,null,null,null,null,null,null,null,null,null,null,null,null,null,null,null,null,null,null,null,null,null,null,null,null,null,null,null,null,null,null,null,null,null,null,null,null,null,null,null,null,null,null,null,null,null,null,null,null,null,null,null,null,null,null,null,null,null,null,null,null,null,null,null,null,null,null,null,null,null,null,null,null,null,null,null,null,null,null,null,null,null,null,null,null,null,null,null,null,null,null,null,null,null,null,null,null,null,null,null,null,null,null,null,null,null,null,null,null,null,null,null,null,null,null,null,null,null,null,null,null,null,null,null,null,null,null,null,null,null,null,null,null,null,null,null,null,null,null,null,null,null,null,null,null,null,null,null,null,null,null,null,null,null,null,null,null,null,null,null,null,null,null,null,null,null,null,null,null,null,null,null,null,null,null,null,null,null,null,null,null,null,null,null,null,null,null,null,null,null,null,null,null,null,null,null,null,null,null,null,null,null,null,null,null,null,null,null,null,null,null,null,null,null,null,null,null,null,null,null,null,null,null,null,null,null,null,null,null,null,null,null,null,null,null,null,null,null,null,null,null,null,null,null,null,null,null,null,null,null,null,null,null,null,null,null,null,null,null,null,null,null,null,null,null,null,null,null,null,null,null,null,null,null,null,null,null,null,null,null,null,null,null,null,null,null,null,null,null,null,null,null,null,null,null,null,null,null,null,null,null,null,null,null,null,null,null,null,null,null,null,null,null,null,null,null,null,null,null,null,null,null,null,null,null,null,null,null,null,null,null,null,null,null,null,null,null,null,null,null,null,null,null,null,null,null,null,null,null,null,null,null,null,null,null,null,null,null,null,null,null,null,null,null,null,null,null,null,null,null,null,null,null,null,null,null,null,null,null,null,null,null,null,null,null,null,null,null,null,null,null,null,null,null,null,null,null,null,null,null,null,null,null,null,null,null,null,null,null,null,null,null,null,null,null,null,null,null,null,null,null,null,null,null,null,null,null,null,null,null,null,null,null,null,null,null,null,null,null,null,null,null,null,null,null,null,null,null,null,null,null,null,null,null,null,null,null,null,null,null,null,null,null,null,null,null,null,null,null,null,null,null,null,null,null,null,null,null,null,null,null,null,null,null,null,null,null,null,null,null,null,null,null,null,null,null,null,null,null,null,null,null,null,null,null,null,null,null,null,null,null,null,null,null,null,null,null,null,null,null,null,null,null,null,null,null,null,null,null,null,null,null,null,null,null,null,null,null,null,null,null,null,null,null,null,null,null,null,null,null,null,null,null,null,null,null,null,null,null,null,null,null,null,null,null,null,null,null,null,null,null,null,null,null,null,null,null,null,null,null,null,null,null,null,null,null,null,null,null,null,null,null,null,null,null,null,null,null,null,null,null,null,null,null,null,null,null,null,null,null,null,null,null,null,null,null,null,null,null,null,null,null,null,null,null,null,null,null,null,null,null,null,null,null,null,null,null,null,null,null,null,null,null,null,null,null,null,null,null,null,null,null,null,null,null,null,null,null,null,null,null,null,null,null,null,null,null,null,null,null,null,null,null,null,null,null,null,null,null,null,null,null,null,null,null,null,null,null,null,null,null,null,null,null,null,null,null,null,null,null,null,null,null,null,null,null,null,null,null,null,null,null,null,null,null,null,null,null,null,null,null,null,null,null,null,null,null,null,null,null,null,null,null,null,null,null,null,null,null,null,null,null,null,null,null,null,null,null,null,null,null,null,null,null,null,null,null,null,null,null,null,null,null,null,null,null,null,null,null,null,null,null,null,null,null,null,null,null,null,null,null,null,null,null,null,null,null,null,null,null,null,null,null,null,null,null,null,null,null,null,null,null,null,null,null,null,null,null,null,null,null,null,null,null,null,null,null,null,null,null,null,null,null,null,null,null,null,null,null,null,null,null,null,null,null,null,null,null,null,null,null,null,null,null,null,null,null,null,null,null,null,null,null,null,null,null,null,null,