{"modelling":{"id":"5fabd6b0d5312885a43beba450bf08fef4374b17","trg_seq":"SGFRKMAFPSGKVEGCMVQVTCGTTTLNGLWLDDVVYCPRHVICTSEDMLNPNYEDLLIRKSNHNFLVQAGNVQLRVIGHSMQNCVLKLKVDTANPKTPKYKFVRIQPGQTFSVLACYNGSPSGVYQCAMRPNFTIKGSFLNGSCGSVGFNIDYDCVSFCYMHHMELPTGVHAGTDLEGNFYGPFVDRQTAQAAGTDTTITVNVLAWLYAAVINGDRWFLNRFTTTLNDFNLVAMKYNYEPLTQDHVDILGPLSAQTGIAVLDMCASLKELLQNGMNGRTILGSALLEDEFTPFDVVRQCSGVTFQ","tpl_seq":"SGFRKMAFPSGKVEGCMVQVTCGTTTLNGLWLDDVVYCPRHVICTSEDMLNPNYEDLLIRKSNHNFLVQAGNVQLRVIGHSMQNCVLKLKVDTANPKTPKYKFVRIQPGQTFSVLACYNGSPSGVYQCAMRPNFTIKGSFLNGSCGSVGFNIDYDCVSFCYMHHMELPTGVHAGTDLEGNFYGPFVDRQTAQAAGTDTTITVNVLAWLYAAVINGDRWFLNRFTTTLNDFNLVAMKYNYEPLTQDHVDILGPLSAQTGIAVLDMCASLKELLQNGMNGRTILGSALLEDEFTPFDVVRQCSGVTFQ","pdb_id":"6y2g","chain":"B","method":"X-RAY DIFFRACTION","short_method":"X-ray","coverage":1.0,"resolution":2.2000000477,"description":"SARS-CoV-2 (2019-nCoV) main protease","seq_sim":0.6189579964,"assembly_id":1,"score":2.2083954811,"pred_lddt":0.9919999838,"seq_id":100.0,"found_by":"HHblits","oligo_state":"homo-dimer","comment":"e_value=5e-175, p_value=3e-179, score=1206.2, ss_score=33.9, prob=100","offset":0,"starttime":"19-03-20 (10:27:11)","QMean":{"global_scores":{"qmean4_norm_score":0.7791981851,"qmean4_z_score":0.446533212,"qmean6_norm_score":0.7747648004,"qmean6_z_score":0.1267142084,"interaction_norm_score":-0.0189595505,"interaction_z_score":-0.4306273295,"cbeta_norm_score":-0.008987279,"cbeta_z_score":-0.8884476479,"packing_norm_score":-0.3183926092,"packing_z_score":-0.7591553407,"torsion_norm_score":-0.4014770923,"torsion_z_score":0.8314449223,"ss_agreement_norm_score":0.5922868546,"ss_agreement_z_score":-0.1716678656,"acc_agreement_norm_score":0.6804635762,"acc_agreement_z_score":-0.3552674467,"avg_local_score":0.8819651037,"avg_local_score_error":0.053},"local_scores":{"A":[0.6062790774,0.5732423538,0.7693442806,0.7654832135,0.7949633381,0.8274658941,0.9053316213,0.8913211126,0.8845468445,0.8916782601,0.8525741555,0.8283897558,0.9006977403,0.86943229,0.8930790795,0.9453014255,0.9333982902,0.9599046029,0.9078807055,0.9552954068,0.9450621921,0.9263053135,0.879719421,0.8600669821,0.9041608517,0.9238993106,0.9280864965,0.9289542462,0.9866688392,0.9712674558,0.9261618378,0.9558668939,0.9398495811,0.9366157892,0.9635868249,0.9742117489,0.9759488446,0.9856293187,0.9987128924,0.8896498637,0.8944654994,0.9250698948,0.9172804698,0.9296477806,0.8501477465,0.8003910624,0.7704721422,0.8660074552,0.8229732264,0.787445772,0.8431494427,0.9468219001,0.8913085259,0.9275456975,0.8669648546,0.8917023737,0.900555753,0.8835580747,0.8453133412,0.7717988443,0.8220824992,0.8478558732,0.8743921787,0.8391473362,0.8273915343,0.925267335,0.9046764312,0.9357454977,0.8815864196,0.9217406851,0.8532227471,0.736189198,0.803368257,0.8481602556,0.905735718,0.851178713,0.9362059869,0.9288113274,0.9169160477,0.872492845,0.9061766514,0.9125697857,0.9055094152,0.9524881476,0.9937136966,0.9674400682,0.946422841,0.9217224857,0.9472787122,0.9051999701,0.9452298503,0.91617786,0.9220488025,0.9236430226,0.9087844807,0.9259211751,0.8329215985,0.9420073931,0.9422327544,0.9112022745,0.9358173095,0.9091943735,0.9605163555,0.9626579095,0.9213512874,0.9497030865,0.9064462832,0.9689026023,0.9471684441,0.9313454543,0.9560533229,0.9472741351,0.9271154616,0.9301199519,0.9136956159,0.9074409848,0.8910590963,0.8453788515,0.8432259314,0.9025613258,0.8547276806,0.8780361596,0.8177927043,0.8444049436,0.8754310673,0.8731385217,0.8614055112,0.8822104119,0.9467728666,0.9530304029,0.9032509959,0.9728170462,0.925115115,0.9761864113,0.9770999401,0.924976481,0.8251229103,0.8470528854,0.8063609399,0.7645107025,0.7229766023,0.6833486333,0.8040716956,0.8749016151,0.9228097582,0.9705131166,0.9331516015,0.9767715086,0.975250364,0.9616561386,0.9267749662,0.874661125,0.8544119738,0.7099422236,0.7442638134,0.9592714779,0.9445589978,0.9614282678,0.9768447377,0.992640523,0.9703556575,0.9621695822,0.9322114448,0.9061574928,0.8789016665,0.8328760925,0.8294791448,0.7853726583,0.7823327747,0.8227092662,0.8794552774,0.8947211913,0.9539314807,0.984204253,0.9985698316,0.9845205742,0.9813247111,0.9429112465,0.9969113934,0.9741910382,0.9852943827,0.9701051074,0.9805870549,0.9694354994,0.9367115559,0.9211807974,0.9015571845,0.7812996561,0.762217232,0.7399921968,0.7011549858,0.7639994723,0.8245255179,0.8587855104,0.8593013387,0.8279628639,0.8474778639,0.923539636,0.948677239,0.9613078969,0.9792758648,0.9540335832,0.9356620081,0.9607451326,0.9661800587,0.9738842995,0.9113903166,0.9554278735,0.9409556709,0.9434818951,0.9173075205,0.8999814621,0.8850381177,0.8429987666,0.8371107036,0.7635062345,0.7370477866,0.7284780531,0.8872875762,0.877303501,0.8048884051,0.7413318226,0.8620137631,0.8924084368,0.9029906284,0.8787328685,0.8911883959,0.879459868,0.881460211,0.9277172745,0.8919997011,0.8791213218,0.8485465701,0.904648543,0.8695434702,0.8150826078,0.8549997877,0.8608591462,0.9241517031,0.9092848592,0.9276342176,0.9470766789,0.9110569948,0.8543367976,0.8789031335,0.8417224783,0.8951503312,0.8889052279,0.9075601291,0.9473216454,0.931017283,0.9248447885,0.9266742452,0.9152291526,0.908580382,0.8573680161,0.9170212672,0.9250656221,0.9178089239,0.9335626878,0.9538010311,0.9314472964,0.9321158927,0.9339834157,0.9611953179,0.9496755985,0.9544020394,0.9489478612,0.8898075879,0.8623530993,0.8884912565,0.8720946422,0.7635644811,0.8012342552,0.8283705303,0.819141183,0.8284286123,0.8187245382,0.7812719147,0.796074913,0.8351051456,0.7891052239,0.7326889875,0.7680265516,0.8330269001,0.8146272695,0.8432659971,0.8555253752,0.9293372094,0.8873847049,0.9214571373,0.9421783436,0.9458312129,0.8686599767,0.8730121931,0.9028032442,0.8731517191,0.7644593785,0.7871513998,0.773125197,0.6954337766,null,null,null,null,null],