{"modelling":{"id":"b34b24d2da0f3a40302a833440d9d85a4960d47a","trg_seq":"MESLVPGFNEKTHVQLSLPVLQVRDVLVRGFGDSVEEVLSEARQHLKDGTCGLVEVEKGVLPQLEQPYVFIK-RSDARTAPHGHVMVELVAELEGIQYGRSGETLGVLVPHVGEIPVAYRKVLLRKNGNKGAGGHSYGADLKSFDLGDELGTDPYEDFQENWNTKHSSGVTRELMRELNGG","tpl_seq":"------------------------------RSNPVNEAIEQSLRAYQW------------LKENGCTQFYFKYCSTFDSTAKGNIGPVTDALLDEL-----NEDFTVITPALPV------------NGRTIFNGYLFVGDVLL-S-ESGMKNHPITPM-----------------------","pdb_id":"1yzy","chain":"A","method":"X-RAY DIFFRACTION","short_method":"X-ray","coverage":0.5333333611,"resolution":2.0999999046,"description":"Hypothetical protein HI1011","seq_sim":0.2868063748,"assembly_id":1,"score":0.7698985934,"pred_lddt":0.2549999952,"seq_id":16.6666660309,"found_by":"HHblits","oligo_state":"monomer","comment":"e_value=92, p_value=0.0094, score=23.4, ss_score=7.7, prob=24.5","offset":50,"starttime":"19-03-20 (10:27:49)","QMean":{"global_scores":{"qmean4_norm_score":0.4275875565,"qmean4_z_score":-6.7480927578,"qmean6_norm_score":0.3679664378,"qmean6_z_score":-7.5568005468,"interaction_norm_score":-0.002756139,"interaction_z_score":-3.2108667196,"cbeta_norm_score":0.0074234569,"cbeta_z_score":-3.5987367999,"packing_norm_score":-0.1957680071,"packing_z_score":-2.1551008865,"torsion_norm_score":0.4510416232,"torsion_z_score":-5.4523520559,"ss_agreement_norm_score":0.1247030481,"ss_agreement_z_score":-3.4146519545,"acc_agreement_norm_score":0.4173228346,"acc_agreement_z_score":-3.3330489454,"avg_local_score":0.3394469913,"avg_local_score_error":0.073},"local_scores":{"A":[null,null,null,null,null,null,null,null,null,null,null,null,null,null,null,null,null,null,null,null,null,null,null,null,null,null,null,null,null,null,0.4085253489,0.4634887714,0.490662813,0.5397400582,0.5200726724,0.535902159,0.5312317446,0.5393369302,0.5558922656,0.6213843097,0.556562733,0.547008347,0.5205021358,0.5403955328,0.4649498896,0.4206703383,0.5152207541,0.3940176208,0.2553710284,0.2107620184,0.1550127756,0.2284647646,0.1880594137,0.2360619358,0.1610755421,0.1431746131,0.2037602465,0.2386188754,0.2886964779,0.2835496338,0.3219480402,0.2217030647,0.3125846234,0.2916562485,0.3006853623,0.2718082722,0.2512872575,0.2439019963,0.29108736,0.3002483341,0.3367350706,0.3341099631,0.2898338125,0.2424846065,0.2440449275,0.516350003,0.4440599641,0.410884522,0.4989238245,0.4201104059,0.4405773059,0.5001986316,0.5132418012,0.5401585965,0.4888962932,0.3776314762,0.3473761323,0.3891932944,0.319784143,0.3815592114,0.348985027,0.3463413622,0.4861068238,0.3849743015,0.3907670658,0.2232879628,0.1729832695,0.134497739,0.1577873626,0.2121001087,0.2911827652,0.3627461333,0.238926128,0.2325454899,0.2453767998,0.1980220775,0.2391459897,0.281174156,0.2650979285,0.2451809278,0.2773235546,0.3757191766,0.3115541912,0.1738057279,0.1595867265,0.2179124487,0.1915530976,0.171882767,0.1499054452,0.1727517218,0.1488452628,0.167561656,0.1562978873,0.2220453412,0.2340364535,0.2566973951,0.3582611651,0.3812097724,0.3757176411,0.4200666473,0.3481842576,0.2842685079,0.3381286507,0.3948477752,0.4507051084,0.3898561486,0.4660059391,0.409037074,0.3508708083,0.3538578535,0.4459663026,0.4483213699,0.2731263408,0.3520356703,0.2869654546,0.3333646315,0.384155297,0.3675507519,0.4038743803,0.4456519993,0.3762827684,0.4053558834,0.4059851702,0.3753272886,0.4132228072,0.3251309238,0.3004889422,null,null,null,null,null,null,null,null,null,null,null,null,null,null,null,null,null,null,null,null,null,null,null]}},"title":"Modelling","endtime":"19-03-20 (10:28:10)","mod_engine":["ProMod3"],"ProMod3":{"version":"3.0.0"},"ProMod":null,"MODELLER":null,"SPDBV":null}}