{"modelling":{"id":"58e0e974e72a1d664f9a284f7bd7d779ad1db21c","trg_seq":"MESLVPGFNEKTHVQLSLPVLQVRDVLVRGFGDSVEEVLSEARQHLKDGTCGLVEVEKGVLPQLEQPYVFIKRSDARTAPHGHVMVELVAELEGIQYGRSGETLGVLVPHVGEIPVAYRKVLLRKNGNKGAGGHSYGADLKSFDLGDELGTDPYEDFQENWNTKHSSGVTRELMRELNGG","tpl_seq":"------------HVQLSLPVLQVRDVLVRGFGDSVEEALSEAREHLKNGTCGLVELEKGVLPQLEQPYVFIKRSDALSTNHGHKVVELVAEMDGIQYGRSGITLGVLVPHVGETPIAYRNVLLRKNG-----------------------------------------------------","pdb_id":"2hsx","chain":"A","method":"SOLUTION NMR","short_method":"NMR","coverage":0.6388888955,"resolution":0.0,"description":"Leader protein; p65 homolog; NSP1 (EC 3.4.22.-)","seq_sim":0.5553614497,"assembly_id":1,"score":1.3006159067,"pred_lddt":0.6589999795,"seq_id":86.0869598389,"found_by":"HHblits","oligo_state":"monomer","comment":"e_value=5.3e-71, p_value=3.5e-75, score=424.9, ss_score=12.6, prob=100","offset":1,"starttime":"19-03-20 (10:27:39)","QMean":{"global_scores":{"qmean4_norm_score":0.5694339992,"qmean4_z_score":-4.0524252584,"qmean6_norm_score":0.5402368465,"qmean6_z_score":-4.2969120107,"interaction_norm_score":-0.012400816,"interaction_z_score":-1.7159764716,"cbeta_norm_score":-0.0137838095,"cbeta_z_score":-0.0715930655,"packing_norm_score":-0.2274917438,"packing_z_score":-1.5393684394,"torsion_norm_score":0.1821249353,"torsion_z_score":-3.719877026,"ss_agreement_norm_score":0.3007742325,"ss_agreement_z_score":-2.0713502905,"acc_agreement_norm_score":0.5391304348,"acc_agreement_z_score":-1.413688198,"avg_local_score":0.7474158686,"avg_local_score_error":0.078},"local_scores":{"A":[null,null,null,null,null,null,null,null,null,null,null,null,0.581614639,0.6847666523,0.7378385941,0.7918132522,0.8079703045,0.8424203633,0.8620388513,0.8632721117,0.8351509503,0.7599112968,0.8312830904,0.6389176588,0.7126119979,0.7765326769,0.6785224573,0.7682899307,0.7418639653,0.839752813,0.84230539,0.84395749,0.7632761808,0.7945624876,0.8127716614,0.7871624536,0.7776164052,0.8488113233,0.8495842926,0.8288019173,0.8103524085,0.889970393,0.7671132046,0.7601185064,0.8133535841,0.8152585446,0.7399840737,0.7892671078,0.8341254434,0.8284331643,0.8645504588,0.8869152605,0.875941846,0.8823207576,0.8113597721,0.8417034932,0.7508183824,0.6998662166,0.7586280544,0.8018372338,0.7653307217,0.7444914271,0.6969299993,0.7452777428,0.6827986116,0.6662827055,0.7944242171,0.8112270233,0.8698440624,0.8551098817,0.8544306856,0.7674309187,0.6441107412,0.7224081719,0.6397642204,0.6262408821,0.5192459162,0.4920027252,0.4643744355,0.4024088174,0.3860767842,0.5788607112,0.5822022297,0.638910054,0.6506140549,0.7871476636,0.7803374363,0.8621208318,0.8722357086,0.8878651509,0.7185156636,0.6971790923,0.6287244974,0.7482335394,0.6081653299,0.6423094002,0.7050723245,0.8130018945,0.6283212802,0.7340983051,0.7636445437,0.7051729349,0.7921065394,0.8305307476,0.8796683836,0.8822694616,0.8836242019,0.8769861332,0.8724932889,0.7831866235,0.7764729215,0.7508691081,0.6567227022,0.6481352517,0.7797162812,0.7319287935,0.8374607717,0.7964870006,0.7147462391,0.750076446,0.7966257251,0.7403566787,0.7702442165,0.6498187674,0.6424586081,0.4282565187,0.3733010261,null,null,null,null,null,null,null,null,null,null,null,null,null,null,null,null,null,null,null,null,null,null,null,null,null,null,null,null,null,null,null,null,null,null,null,null,null,null,null,null,null,null,null,null,null,null,null,null,null,null,null,null,null]}},"title":"Modelling","endtime":"19-03-20 (10:27:44)","mod_engine":["ProMod3"],"ProMod3":{"version":"3.0.0"},"ProMod":null,"MODELLER":null,"SPDBV":null}}